region,locale,site,area,plot_number,plot_area,GPS_method,GPS_investigator,local_latitude,local_longitude,Zone_UTM,Northing_UTM,Eastling_UTM,elevation,observation_date,plot_shape,GPS_accuracy,slope,aspect,topographic_position,surficial_geology,surficial_geomorphology,site_moisture,landform,estimated_snow_duration,disturbance,disturbance_degree,disturbance_type,physical_stability,exposure,preliminary_plant_community_name,habitat_type,land_cover_type,mosses_identified ,liverworts_identified,lichens_identified,vascular_plant_taxomonic_quality,cryptogam_taxonomic_quality,Cover trees,cover_total_shrubs,cover_total_erect_shrubs (>15 cm),cover_tall_shrubs (>200 cm),cover_low_shrubs (40-200 cm),cover_erect_dwarf_shrubs (15-40 cm),cover_prostrate-dwarf_shrubs (<15 cm),cover_evergreen_shrubs,cover_deciduous_shrubs,cover_total_graminoids,cover_non-tussock_graminoids,cover_tussock_graminoids,cover_forbs,cover_erect_forbs,cover_mat_and_cushion_forbs,cover_seedless_vascular_plants,cover_pleurocarpous_moss,cover_acrocarpous_moss,cover_sphagnoid_moss,cover_liverworts,cover_total_bryophytes,cover_total_lichen,cover_foliose_lichen,cover_fruticose_lichen,cover_crustose_lichen,cover_biological_crust,cover_algae,cover_bare_soil,cover_bare_rock,cover_open_water,cover_litter,maximum_ canopy_height,mean_tree_layer_height,mean_shrub_layer_height,mean_tall_shrub_height,mean_low_shrub_height,mean_dwarf_shrub_height,mean_forb_height,microrelief_1,microrelief_2,microrelief_3,mean_microrelief,Remarks
,,,,,m^2,,,decimal degrees (WGS84),decimal degrees (WGS84),,m,m,m,yyyy-mm-dd, ,m,degrees,degrees,categorical,categorical,categorical ,categorical scalar from 1 to 10 (xeric to hydric),categorical ,categorical scalar from 1 to 10 (snow free all year to snow all year),categorical,scalar from 0 to 5 (no sign present to major disturbance),categorical ,scalar from 1 to 5 (stable to disturbed more than once annually),scalar from 1 to 4 (protected from winds to exposed to winds),categorical,categorical,categorical,categorical,categorical,categorical,scalar from 1 to 6 (highest to low).,scalar from 1 to 6 (highest to low).,percent,percent,percent,percent,percent,percent,percent,percent,percent,percent,percent,percent,percent,percent,percent,percent,percent,percent,percent,percent,percent,percent,percent,percent,percent,percent,percent,percent,percent,percent,percent,cm,cm,cm,cm,cm,cm,cm,cm,cm,cm,cm,
Values: Seward Peninsula,Values: Kougarok,"Values: KG_MM_64 Concatenation of locale abbreviation (Kougarok (KG)), mile marker abbreviation (MM), and mile","Unique code formed by concatenation of locale abbreviation (Kougarok (KG)), point type (Intensive Station (IS), Reference point (RF), Transect (A or B)), and point number. If, ""NA"" not near any point types. See Kougarok Site Map.","Unique code formed by concatenation of locale abbreviation (Kougarok (KG), preliminary_vegetation_community (Tussock tundra (TT), Tussock tundra-willow birch tundra (TT-WBT), Willow birch tundra (WBT), Alder shrubland (AS), Dwarf shrub lichen tundra (DSLT) and Non-acidic mountain complex (NAMC)), and plot type (Vegetation Composition (VgComp)). Replicates within community types numbered 1-5.",Area of the vegetation plot,Values: Handheld. Data collected using a  Garmin eTrex,Values: Breen, , ,, , ,Data obtained via DEM (USGS EROS Center 2014).,yyyy-mm-dd,Values: Square.  AVA-Alaska standard header column (Walker et al. 2016).,,Data obtained via DEM (USGS EROS Center 2014).,Data obtained via DEM (USGS EROS Center 2014).,"Values: Backslope, Foot slope, Upper foot slope, Lower foot slope, Hill crest, Shoulder Topographic position along a hillslope profile. AVA-Alaska standard header column (Walker et al. 2016).","Values: Hillslope colluvium, Colluvial deposits, Sedimentary and metamorphic rocks derived from carbonate sediments: limestone, dolomite, marlstone, marble. Parent material. AVA-Alaska standard header column (Walker et al. 2016).","Values: Featureless or with less 20% frost scars, Gently rolling or irregular microrelief, Poorly developed hillslope water tracks, < 50 cm deep, Stoney surface.","Values: 3, 4, 5, 6, 7",Values: Hills (including kames and moraines),"Values: 2, 3, 4, 5, 6",Values: Natural vegetation. AVA-Alaska standard header column (Walker et al. 2016).,"Values: 0, 1","Values: Caribou scat, chewed metal tag.",Values: 2,"Values: 2, 3, 4","Preliminary plant community name according to Arctic Alaska Tundra Vegetation Map legend (Raynolds et al. 2005 & 2006). Values: Tussock tundra, Tussock tundra-Willow-birch tundra complex OR Alder savannah in tussock tundra, Willow-birch tundra,Dwarf-shrub lichen tundra, Alder shrubland, Non-acidic mountain complex.","Habitat type according to the classification by Walker et al. (2017). AVA-Alaska standard header column (Walker et al. 2016). Values: Tussock tundra (Eriophorum vaginatum); Moist to dry alder (Alnus viridis) communities and alder savannas; Low-shrub tundra, acidic soils, warmest parts of subzone E; Zonal habitats with erect-dwarf-shrub tundra acidic soils, subzones D and E; Dry azonal habitats, base-rich soils, subzones D and E","Land cover type according to the Alaska Existing Vegetation Type (http://akevt.gina.alaska.edu/) map legend. Values: Mixed shrub-sedge tussock tundra-bog, Alder-willow shrub, Dryas/lichen dwarf shrub tundra",Values: Yes. AVA-Alaska standard header column (Walker et al. 2016).,Values: Yes. AVA-Alaska standard header column (Walker et al. 2016).,Values: Yes. AVA-Alaska standard header column (Walker et al. 2016).,Values: 1. AVA-Alaska standard header column (Walker et al. 2016).,Values: 1. AVA-Alaska standard header column (Walker et al. 2016)., ,Sum of tall shrubs + low shrubs + erect dwarf shrubs + prostrate dwarf shrubs,,,,,,,,,,,Sum of erect forbs + live mat and cushion forbs, , , , , , , ,Sum of  pleurocarpous moss + acrocarpous moss + sphagnoid moss + liverworts,Sum of foliose lichen + fruticose lichen + crustose lichen,,,, , , , , ,Litter is on the ground and unattached to live or standing dead individual plants, ,"If not present in plot, then NA.",,"If not present in plot, then NA.","If not present in plot, then NA.","If not present in plot, then NA.","If not present in plot, then NA.","Microrelief is the distance between a low point in a plot to the nearest higher soil surface. For example, in terrain with thermal erosion there will be lower wet depressions and higher dry hummocks.", , ,Mean of 3 microrelief measurements.,
Seward Peninsula,Kougarok,KG_MM64,KG_IS3,KG_AS1_VgComp,25,Handheld,Breen,65.16483,-164.82314,3N,508288.69,7226836.37,81.70,2016-07-23,Square,3,10.60,67.07,Backslope,Colluvial deposits,Stoney surface,"4: Subxeric - noticeable moisture; well-drained slopes, ridges",Hills (including kames and moraines),5: Snow bank persists 1-2 weeks after melt out,Natural,0: No sign present,NA,2: Subject to occasional disturbance,4: Very exposed to winds,Alder shrubland,Moist to dry alder (Alnus viridis) communities and alder savannas,Alder-willow shrub,Yes,Yes,Yes,1: Highest,1: Highest,0,102,95,40,31,24,7,28,74,2,2,0,0,0,0,0,1,2,0,0,3,13,6,7,0,0,0,2,0,0,12,265,NA,77.3,204,24,4,NA,8,5,2,5.0,
Seward Peninsula,Kougarok,KG_MM64,NA,KG_AS2_VgComp,25,Handheld,Breen,65.15861,-164.82213,3N,508337.98,7226143.29,85.18,2016-07-23,Square,3,9.84,144.23,Backslope,Colluvial deposits,Stoney surface,"4: Subxeric - noticeable moisture; well-drained slopes, ridges",Hills (including kames and moraines),6: Snow bank persists 3-4 weeks after melt,Natural,0: No sign present,NA,2: Subject to occasional disturbance,3: Exposed to winds,Alder shrubland,Moist to dry alder (Alnus viridis) communities and alder savannas,Alder-willow shrub,Yes,Yes,Yes,1: Highest,1: Highest,0,130,127,83,22,22,3,25,105,8,8,0,3,3,0,0,2,2,0,0,3,4,0,0,4,0,0,0,0,0,30,292,NA,101.7,244,55,6,18,8,8,2,6.0,
Seward Peninsula,Kougarok,KG_MM64,NA,KG_AS3_VgComp,25,Handheld,Breen,65.16179,-164.83173,3N,507887.02,7226496.46,69.15,2016-07-23,Square,3,14.85,268.36,Backslope,Colluvial deposits,Stoney surface,"4: Subxeric - noticeable moisture; well-drained slopes, ridges",Hills (including kames and moraines),6: Snow bank persists 3-4 weeks after melt,Natural,0: No sign present,NA,2: Subject to occasional disturbance,3: Exposed to winds,Alder shrubland,Moist to dry alder (Alnus viridis) communities and alder savannas,Alder-willow shrub,Yes,Yes,Yes,1: Highest,1: Highest,0,119,113,67,28,18,6,24,95,13,13,0,1,1,0,2,3,3,0,1,7,8,3,3,2,0,0,0,0,0,0,320,NA,97.7,240,48,5,16,18,11,16,15.0,
Seward Peninsula,Kougarok,KG_MM64,NA,KG_AS4_VgComp,25,Handheld,Breen,65.16428,-164.82372,3N,508261.68,7226775.00,87.49,2016-07-23,Square,3,10.59,95.67,Shoulder,Colluvial deposits,Stoney surface,"4: Subxeric - noticeable moisture; well-drained slopes, ridges",Hills (including kames and moraines),5: Snow bank persists 1-2 weeks after melt out,Natural,0: No sign present,NA,2: Subject to occasional disturbance,4: Very exposed to winds,Alder shrubland,Moist to dry alder (Alnus viridis) communities and alder savannas,Alder-willow shrub,Yes,Yes,Yes,1: Highest,1: Highest,0,119,115,70,34,11,4,14,105,6,6,0,0,0,0,0,4,2,0,0,6,8,1,5,2,0,0,0,0,0,5,179,NA,56.3,143,22,4,NA,6,3,11,6.7,
Seward Peninsula,Kougarok,KG_MM64,KG_RF25,KG_AS5_VgComp,25,Handheld,Breen,65.15751,-164.82510,3N,508199.10,7226020.30,79.50,2016-07-23,Square,3,5.08,242.05,Hill crest,Colluvial deposits,Stoney surface,5: Subxeric to mesic - very noticeable moisture; flat to gently sloping,Hills (including kames and moraines),5: Snow bank persists 1-2 weeks after melt out,Natural,1: Some sign present; no disturbance,Chewed metal tag,2: Subject to occasional disturbance,4: Very exposed to winds,Alder shrubland,Moist to dry alder (Alnus viridis) communities and alder savannas,Alder-willow shrub,Yes,Yes,Yes,1: Highest,1: Highest,0,106,104,65,32,7,2,9,97,18,18,0,0,0,0,15,5,3,0,0,8,9,1,3,5,0,0,0,0,0,20,256,NA,82.7,186,58,4,29,2,16,8,8.7,
Seward Peninsula,Kougarok,KG_MM64,KG_RF19,KG_DSLT1_VgComp,1,Handheld,Breen,65.16550,-164.82451,3N,508224.28,7226910.86,80.86,2016-07-20,Square,3,9.41,3.74,Shoulder,Colluvial deposits,Gently rolling or irregular microrelief,"4: Subxeric - noticeable moisture; well-drained slopes, ridges",Hills (including kames and moraines),5: Snow bank persists 1-2 weeks after melt out,Natural,0: No sign present,NA,2: Subject to occasional disturbance,3: Exposed to winds,Dwarf-shrub lichen tundra,"Zonal habitats with erect-dwarf-shrub tundra acidic soils, subzones D and E",Dryas/lichen dwarf shrub tundra,Yes,Yes,Yes,1: Highest,1: Highest,0,43,36,0,10,26,7,30,13,4,4,0,1,1,0,0,0,2,0,0,2,30,7,23,0,0,0,0,0,0,0,24,NA,9.5,NA,12,7,6,10,6,4,6.7,
Seward Peninsula,Kougarok,KG_MM64,KG_RF26,KG_DSLT2_VgComp,1,Handheld,Breen,65.15924,-164.82753,3N,508084.65,7226212.80,82.40,2016-07-21,Square,3,15.15,252.47,Hill crest,Colluvial deposits,Stoney surface,"4: Subxeric - noticeable moisture; well-drained slopes, ridges",Hills (including kames and moraines),4: Snow free immediately after melt out,Natural,0: No sign present,NA,2: Subject to occasional disturbance,4: Very exposed to winds,Dwarf-shrub lichen tundra,"Zonal habitats with erect-dwarf-shrub tundra acidic soils, subzones D and E",Dryas/lichen dwarf shrub tundra,Yes,Yes,Yes,1: Highest,1: Highest,0,92,24,0,0,24,68,42,50,0,0,0,0,0,0,0,0,1,0,0,1,32,5,23,4,0,0,4,0,0,0,5,NA,3,NA,NA,3,NA,8,3,3,4.7,
Seward Peninsula,Kougarok,KG_MM64,KG_RF27,KG_DSLT3_VgComp,1,Handheld,Breen,65.16244,-164.83061,3N,507939.32,7226569.05,81.65,2016-07-21,Square,3,8.99,279.54,Shoulder,Colluvial deposits,Gently rolling or irregular microrelief,"4: Subxeric - noticeable moisture; well-drained slopes, ridges",Hills (including kames and moraines),5: Snow bank persists 1-2 weeks after melt out,Natural,0: No sign present,NA,2: Subject to occasional disturbance,3: Exposed to winds,Dwarf-shrub lichen tundra,"Zonal habitats with erect-dwarf-shrub tundra acidic soils, subzones D and E",Dryas/lichen dwarf shrub tundra,Yes,Yes,Yes,1: Highest,1: Highest,0,44,17,0,16,1,27,28,16,4,4,0,1,1,0,0,0,3,0,0,3,34,6,28,0,0,0,1,1,0,0,15,NA,4.5,NA,8,1,4,7,2,5,4.7,
Seward Peninsula,Kougarok,KG_MM64,KG_RF30,KG_DSLT4_VgComp,1,Handheld,Breen,65.15875,-164.82368,3N,508265.28,7226158.68,89.91,2016-07-21,Square,3,3.94,166.27,Shoulder,Colluvial deposits,Featureless or with less 20% frost scars,5: Subxeric to mesic - very noticeable moisture; flat to gently sloping,Hills (including kames and moraines),4: Snow free immediately after melt out,Natural,1: Some sign present; no disturbance,Caribout scat,2: Subject to occasional disturbance,4: Very exposed to winds,Dwarf-shrub lichen tundra,"Zonal habitats with erect-dwarf-shrub tundra acidic soils, subzones D and E",Dryas/lichen dwarf shrub tundra,Yes,Yes,Yes,1: Highest,1: Highest,0,52,32,0,3,29,20,33,19,9,9,0,3,3,0,0,0,0,0,0,0,33,8,21,4,0,0,0,0,0,0,27,NA,6,NA,8,4,12,4,6,2,4.0,
Seward Peninsula,Kougarok,KG_MM64,NA,KG_DSLT5_VgComp,1,Handheld,Breen,65.16181,-164.82494,3N,508205.27,7226499.56,93.19,2016-07-21,Square,3,9.00,87.11,Shoulder,Colluvial deposits,Featureless or with less 20% frost scars,"4: Subxeric - noticeable moisture; well-drained slopes, ridges",Hills (including kames and moraines),4: Snow free immediately after melt out,Natural,0: No sign present,NA,2: Subject to occasional disturbance,4: Very exposed to winds,Dwarf-shrub lichen tundra,"Zonal habitats with erect-dwarf-shrub tundra acidic soils, subzones D and E",Dryas/lichen dwarf shrub tundra,Yes,Yes,Yes,1: Highest,1: Highest,0,65,59,0,35,24,6,30,35,20,20,0,0,0,0,0,0,0,0,0,0,17,9,8,0,0,0,0,0,0,0,26,NA,4,NA,6,2,NA,4,3,3,3.3,
Seward Peninsula,Kougarok,KG_MM64,KG_IS4,KG_NAMC1_VgComp,1,Handheld,Breen,65.16416,-164.82581,3N,508151.09,7226769.12,99.13,2016-07-20,Square,3,6.30,317.30,Hill crest,"Sedimentary and metamorphic rocks derived from carbonate sediments: limestone, dolomite, marlstone, marble",Stoney surface,"3: Xeric - little moisture; stabilized sand dunes, dry ridge tops",Hills (including kames and moraines),3: Snow free prior to melt out but with snow most of the winter,Natural,0: No sign present,NA,2: Subject to occasional disturbance,4: Very exposed to winds,Non-acidic mountain complex,"Dry azonal habitats, base-rich soils, subzones D and E",Dryas/lichen dwarf shrub tundra,Yes,Yes,Yes,1: Highest,1: Highest,0,60,7,0,1,6,53,55,5,3,3,0,4,2,2,0,0,0,0,0,0,20,8,11,1,0,0,2,1,0,0,12,NA,3.5,NA,6,1,3,7,3,4,4.7,Vegetation composition plot is accidentally downslope (a bit) from biomass destructive harvest plot
Seward Peninsula,Kougarok,KG_MM64,NA,KG_NAMC2_VgComp,1,Handheld,Breen,65.16265,-164.82611,3N,508150.17,7226593.02,99.43,2016-07-20,Square,3,7.04,85.77,Hill crest,"Sedimentary and metamorphic rocks derived from carbonate sediments: limestone, dolomite, marlstone, marble",Stoney surface,"3: Xeric - little moisture; stabilized sand dunes, dry ridge tops",Hills (including kames and moraines),2: Snow free most of winter; some snow cover persists after storm is blown free soon afterward,Natural,0: No sign present,NA,2: Subject to occasional disturbance,4: Very exposed to winds,Non-acidic mountain complex,"Dry azonal habitats, base-rich soils, subzones D and E",Dryas/lichen dwarf shrub tundra,Yes,Yes,Yes,1: Highest,1: Highest,0,65,0,0,0,0,65,65,0,0,0,0,4,4,1,0,0,2,0,0,2,27,8,16,3,2,0,1,1,0,1,7,NA,2,NA,NA,2,5,3,2,3,2.7,
Seward Peninsula,Kougarok,KG_MM64,KG_RF29,KG_NAMC3_VgComp,1,Handheld,Breen,65.16119,-164.82651,3N,508131.87,7226430.26,101.19,2016-07-20,Square,3,4.94,149.89,Hill crest,"Sedimentary and metamorphic rocks derived from carbonate sediments: limestone, dolomite, marlstone, marble",Stoney surface,"3: Xeric - little moisture; stabilized sand dunes, dry ridge tops",Hills (including kames and moraines),2: Snow free most of winter; some snow cover persists after storm is blown free soon afterward,Natural,1: Some sign present; no disturbance,Caribout scat,2: Subject to occasional disturbance,4: Very exposed to winds,Non-acidic mountain complex,"Dry azonal habitats, base-rich soils, subzones D and E",Dryas/lichen dwarf shrub tundra,Yes,Yes,Yes,1: Highest,1: Highest,0,78,0,0,0,0,78,76,2,4,4,0,0,0,0,0,0,1,0,0,1,24,3,21,0,1,0,2,3,0,0,17,NA,3,NA,NA,3,NA,4,2,3,3.0,
Seward Peninsula,Kougarok,KG_MM64,NA,KG_NAMC4_VgComp,1,Handheld,Breen,65.15863,-164.82516,3N,508195.94,7226145.12,88.98,2016-07-20,Square,3,5.29,165.92,Hill crest,"Sedimentary and metamorphic rocks derived from carbonate sediments: limestone, dolomite, marlstone, marble",Stoney surface,"3: Xeric - little moisture; stabilized sand dunes, dry ridge tops",Hills (including kames and moraines),2: Snow free most of winter; some snow cover persists after storm is blown free soon afterward,Natural,0: No sign present,NA,2: Subject to occasional disturbance,4: Very exposed to winds,Non-acidic mountain complex,"Dry azonal habitats, base-rich soils, subzones D and E",Dryas/lichen dwarf shrub tundra,Yes,Yes,Yes,1: Highest,1: Highest,0,83,0,0,0,0,83,82,1,7,7,0,2,1,1,0,0,1,0,0,1,17,3,13,1,3,0,1,1,0,2,12,NA,2,NA,NA,2,9,4,3,2,3.0,
Seward Peninsula,Kougarok,KG_MM64,NA,KG_NAMC5_VgComp,1,Handheld,Breen,65.15730,-164.82515,3N,508196.82,7225996.89,78.17,2016-07-20,Square,3,9.52,211.19,Shoulder,"Sedimentary and metamorphic rocks derived from carbonate sediments: limestone, dolomite, marlstone, marble",Stoney surface,"3: Xeric - little moisture; stabilized sand dunes, dry ridge tops",Hills (including kames and moraines),2: Snow free most of winter; some snow cover persists after storm is blown free soon afterward,Natural,0: No sign present,NA,2: Subject to occasional disturbance,4: Very exposed to winds,Non-acidic mountain complex,"Dry azonal habitats, base-rich soils, subzones D and E",Dryas/lichen dwarf shrub tundra,Yes,Yes,Yes,1: Highest,1: Highest,0,70,0,0,0,0,70,70,0,4,4,0,8,6,2,2,0,2,0,0,2,27,2,24,1,1,0,3,2,0,0,23,NA,3,NA,NA,3,9,1,2,2,1.7,
Seward Peninsula,Kougarok,KG_MM64,KG_IS7,KG_TT1_VgComp,1,Handheld,Breen,65.16138,-164.82263,3N,508304.28,7226459.71,87.15,2016-07-18,Square,3,4.66,58.27,Shoulder,Hillslope colluvium,Gently rolling or irregular microrelief,"4: Subxeric - noticeable moisture; well-drained slopes, ridges",Hills (including kames and moraines),5: Snow bank persists 1-2 weeks after melt out,Natural,0: No sign present,NA,2: Subject to occasional disturbance,4: Very exposed to winds,Tussock tundra,Tussock tundra (Eriophorum vaginatum),Mixed shrub-sedge tussock tundra-bog,Yes,Yes,Yes,1: Highest,1: Highest,0,43,39,0,15,24,4,28,15,36,35,1,0,0,0,0,0,1,0,1,1,25,10,15,0,0,0,0,0,0,0,22,NA,11.5,NA,20,3,NA,5,8,13,8.7,"Looks most like tussock tundra, but predominantly tussocks of Carex bigelowii ssp. lugens & lichen-rich"
Seward Peninsula,Kougarok,KG_MM64,KG_B_Roadside,KG_TT2_VgComp,1,Handheld,Breen,65.16225,-164.80856,3N,508972.87,7226550.82,38.59,2016-07-18,Square,3,3.17,82.63,Backslope,Hillslope colluvium,Gently rolling or irregular microrelief,7: Mesic to subhygric - considerable moisture; depressions,Hills (including kames and moraines),4: Snow free immediately after melt out,Natural,0: No sign present,NA,2: Subject to occasional disturbance,4: Very exposed to winds,Tussock tundra,Tussock tundra (Eriophorum vaginatum),Mixed shrub-sedge tussock tundra-bog,Yes,Yes,Yes,1: Highest,1: Highest,0,48,44,0,13,31,4,27,21,36,6,30,0,0,0,0,3,1,7,6,16,5,2,3,0,0,0,0,0,0,0,27,NA,8.5,NA,12,5,NA,10,13,18,13.7,
Seward Peninsula,Kougarok,KG_MM64,NA,KG_TT3_VgComp,1,Handheld,Breen,65.16626,-164.81894,3N,508485.07,7226996.30,56.44,2016-07-18,Square,3,3.18,49.32,Backslope,Hillslope colluvium,Gently rolling or irregular microrelief,7: Mesic to subhygric - considerable moisture; depressions,Hills (including kames and moraines),4: Snow free immediately after melt out,Natural,0: No sign present,NA,2: Subject to occasional disturbance,4: Very exposed to winds,Tussock tundra,Tussock tundra (Eriophorum vaginatum),Mixed shrub-sedge tussock tundra-bog,Yes,Yes,Yes,1: Highest,1: Highest,0,63,45,0,15,30,18,43,20,88,8,80,0,0,0,0,1,1,6,0,8,1,0,1,0,0,0,0,0,0,0,38,NA,9,NA,12,6,NA,35,19,16,23.3,
Seward Peninsula,Kougarok,KG_MM64,NA,KG_TT4_VgComp,1,Handheld,Breen,65.16720,-164.81679,3N,508585.52,7227101.36,46.08,2016-07-18,Square,3,4.08,67.53,Backslope,Hillslope colluvium,Gently rolling or irregular microrelief,7: Mesic to subhygric - considerable moisture; depressions,Hills (including kames and moraines),4: Snow free immediately after melt out,Natural,0: No sign present,NA,2: Subject to occasional disturbance,4: Very exposed to winds,Tussock tundra,Tussock tundra (Eriophorum vaginatum),Mixed shrub-sedge tussock tundra-bog,Yes,Yes,Yes,1: Highest,1: Highest,0,36,33,0,8,25,3,23,13,70,5,65,0,0,0,0,1,3,5,5,14,5,1,4,0,0,0,0,0,0,0,30,NA,10,NA,15,5,NA,15,17,23,18.3,
Seward Peninsula,Kougarok,KG_MM64,NA,KG_TT5_VgComp,1,Handheld,Breen,65.15893,-164.81047,3N,508884.45,7226180.54,44.96,2016-07-18,Square,3,3.09,101.39,Backslope,Hillslope colluvium,Gently rolling or irregular microrelief,7: Mesic to subhygric - considerable moisture; depressions,Hills (including kames and moraines),4: Snow free immediately after melt out,Natural,0: No sign present,NA,2: Subject to occasional disturbance,4: Very exposed to winds,Tussock tundra,Tussock tundra (Eriophorum vaginatum),Mixed shrub-sedge tussock tundra-bog,Yes,Yes,Yes,1: Highest,1: Highest,0,35,32,0,12,20,3,21,14,65,45,20,0,0,0,0,4,0,3,0,7,4,1,3,0,0,0,0,0,0,0,20,NA,11,NA,16,6,NA,18,15,16,16.3,
Seward Peninsula,Kougarok,KG_MM64,KG_IS1,KG_TT-WBT1_VgComp,6.25,Handheld,Breen,65.16661,-164.81551,3N,508632.09,7227041.31,45.80,2016-07-19,Square,3,3.26,59.50,Foot slope Lower,Hillslope colluvium,"Poorly developed hillslope water tracks, < 50 cm deep",7: Mesic to subhygric - considerable moisture; depressions,Hills (including kames and moraines),4: Snow free immediately after melt out,Natural,0: No sign present,NA,2: Subject to occasional disturbance,4: Very exposed to winds,Tussock tundra-Willow-birch tundra complex OR Alder savannah in tussock tundra,Moist to dry alder (Alnus viridis) communities and alder savannas,Mixed shrub-sedge tussock tundra-bog,Yes,Yes,Yes,1: Highest,1: Highest,0,142,135,24,58,53,7,50,92,26,14,12,0,0,0,0,7,1,7,1,15,5,2,3,0,0,0,0,0,0,0,90,NA,36,NA,60,12,NA,11,18,17,15.3,
Seward Peninsula,Kougarok,KG_MM64,KG_IS2,KG_TT-WBT2_VgComp,6.25,Handheld,Breen,65.16541,-164.82066,3N,508389.73,7226904.64,66.02,2016-07-19,Square,3,5.14,72.72,Upper foot slope,Hillslope colluvium,"Poorly developed hillslope water tracks, < 50 cm deep",7: Mesic to subhygric - considerable moisture; depressions,Hills (including kames and moraines),4: Snow free immediately after melt out,Natural,0: No sign present,NA,2: Subject to occasional disturbance,4: Very exposed to winds,Tussock tundra-Willow-birch tundra complex OR Alder savannah in tussock tundra,Moist to dry alder (Alnus viridis) communities and alder savannas,Mixed shrub-sedge tussock tundra-bog,Yes,Yes,Yes,1: Highest,1: Highest,0,151,148,40,56,52,3,55,96,69,45,24,1,1,0,0,3,0,4,0,7,3,1,2,0,0,0,0,0,0,2,73,NA,30.5,NA,48,13,2,35,24,8,22.3,
Seward Peninsula,Kougarok,KG_MM64,KG_IS6,KG_TT-WBT3_VgComp,6.25,Handheld,Breen,65.16189,-164.81422,3N,508693.15,7226515.44,55.82,2016-07-19,Square,3,4.33,64.52,Upper foot slope,Hillslope colluvium,"Poorly developed hillslope water tracks, < 50 cm deep",6: Mesic-moderate moisture; flat or shallow depressions,Hills (including kames and moraines),4: Snow free immediately after melt out,Natural,0: No sign present,NA,2: Subject to occasional disturbance,4: Very exposed to winds,Tussock tundra-Willow-birch tundra complex OR Alder savannah in tussock tundra,Moist to dry alder (Alnus viridis) communities and alder savannas,Mixed shrub-sedge tussock tundra-bog,Yes,Yes,Yes,1: Highest,1: Highest,0,49,29,0,22,7,20,25,24,58,28,30,0,0,0,0,5,2,8,2,16,4,1,3,0,0,0,0,0,0,0,61,NA,16.5,NA,24,9,NA,30,27,31,29.3,
Seward Peninsula,Kougarok,KG_MM64,NA,KG_TT-WBT4_VgComp,6.25,Handheld,Breen,65.16048,-164.81447,3N,508696.44,7226352.73,55.61,2016-07-19,Square,3,4.45,100.16,Upper foot slope,Hillslope colluvium,"Poorly developed hillslope water tracks, < 50 cm deep",7: Mesic to subhygric - considerable moisture; depressions,Hills (including kames and moraines),4: Snow free immediately after melt out,Natural,0: No sign present,NA,2: Subject to occasional disturbance,4: Very exposed to winds,Tussock tundra-Willow-birch tundra complex OR Alder savannah in tussock tundra,Moist to dry alder (Alnus viridis) communities and alder savannas,Mixed shrub-sedge tussock tundra-bog,Yes,Yes,Yes,1: Highest,1: Highest,0,52,49,8,33,8,3,7,45,52,48,4,0,0,0,1,4,2,1,1,7,3,0,3,0,0,0,0,0,0,1,132,NA,42.5,NA,75,10,8,56,42,43,47.0,
Seward Peninsula,Kougarok,KG_MM64,KG_RF7,KG_TT-WBT5_VgComp,6.25,Handheld,Breen,65.16603,-164.81821,3N,508519.36,7226970.77,55.39,2016-07-19,Square,3,3.48,76.39,Lower foot slope,Hillslope colluvium,"Poorly developed hillslope water tracks, < 50 cm deep",7: Mesic to subhygric - considerable moisture; depressions,Hills (including kames and moraines),4: Snow free immediately after melt out,Natural,0: No sign present,NA,2: Subject to occasional disturbance,4: Very exposed to winds,Tussock tundra-Willow-birch tundra complex OR Alder savannah in tussock tundra,Moist to dry alder (Alnus viridis) communities and alder savannas,Mixed shrub-sedge tussock tundra-bog,Yes,Yes,Yes,1: Highest,1: Highest,0,89,84,10,49,25,5,27,62,30,20,10,0,0,0,0,6,3,1,2,11,4,1,4,0,0,0,0,0,0,0,86,NA,31,NA,48,14,NA,57,25,39,40.3,
Seward Peninsula,Kougarok,KG_MM64,KG_IS5,KG_WBT1_VgComp,6.25,Handheld,Breen,65.16422,-164.83080,3N,507929.88,7226767.40,77.05,2016-07-22,Square,3,11.65,293.46,Upper backslope,Hillslope colluvium,Gently rolling or irregular microrelief,5: Subxeric to mesic - very noticeable moisture; flat to gently sloping,Hills (including kames and moraines),6: Snow bank persists 3-4 weeks after melt,Natural,0: No sign present,NA,2: Subject to occasional disturbance,2: Moderate exposure to winds,Willow-birch tundra,"Low-shrub tundra, acidic soils, warmest parts of subzone E",Alder-willow shrub,Yes,Yes,Yes,1: Highest,1: Highest,0,120,118,0,106,12,2,11,109,6,6,0,2,2,0,7,35,0,0,0,35,0,0,0,0,0,0,0,0,0,0,137,NA,33,NA,62,4,15,15,12,22,16.3,"Changed from a 5 m plot to a 2.5 m plot; note that 5 m plot stakes are still present, as is second resin"
Seward Peninsula,Kougarok,KG_MM64,KG_IS8,KG_WBT2_VgComp,6.25,Handheld,Breen,65.16101,-164.83000,3N,507962.71,7226411.96,82.98,2016-07-22,Square,3,12.82,255.71,Shoulder,Hillslope colluvium,Gently rolling or irregular microrelief,"4: Subxeric - noticeable moisture; well-drained slopes, ridges",Hills (including kames and moraines),5: Snow bank persists 1-2 weeks after melt out,Natural,0: No sign present,NA,2: Subject to occasional disturbance,2: Moderate exposure to winds,Willow-birch tundra,"Low-shrub tundra, acidic soils, warmest parts of subzone E",Alder-willow shrub,Yes,Yes,Yes,1: Highest,1: Highest,0,169,133,75,0,58,36,93,76,3,3,0,0,0,0,0,2,2,0,1,5,0,0,0,0,0,0,0,0,0,1,120,NA,26.5,NA,45,8,NA,2,11,12,8.3,
Seward Peninsula,Kougarok,KG_MM64,KG_RF21,KG_WBT3_VgComp,6.25,Handheld,Breen,65.15993,-164.81975,3N,508449.13,7226290.72,78.45,2016-07-22,Square,3,13.24,60.69,Upper backslope,Hillslope colluvium,Gently rolling or irregular microrelief,"4: Subxeric - noticeable moisture; well-drained slopes, ridges",Hills (including kames and moraines),6: Snow bank persists 3-4 weeks after melt,Natural,1: Some sign present; no disturbance,Caribout scat,2: Subject to occasional disturbance,2: Moderate exposure to winds,Willow-birch tundra,"Low-shrub tundra, acidic soils, warmest parts of subzone E",Alder-willow shrub,Yes,Yes,Yes,1: Highest,1: Highest,0,128,114,0,83,31,14,41,87,4,4,0,0,0,0,0,3,0,0,1,4,10,3,7,0,0,0,0,0,0,0,146,NA,26.5,NA,45,8,NA,7,21,11,13.0,
Seward Peninsula,Kougarok,KG_MM64,,KG_WBT4_VgComp,6.25,Handheld,Breen,65.15939,-164.82047,3N,508415.55,7226230.44,82.62,2016-07-22,Square,3,9.04,134.30,Upper backslope,Hillslope colluvium,Gently rolling or irregular microrelief,5: Subxeric to mesic - very noticeable moisture; flat to gently sloping,Hills (including kames and moraines),6: Snow bank persists 3-4 weeks after melt,Natural,0: No sign present,NA,2: Subject to occasional disturbance,2: Moderate exposure to winds,Willow-birch tundra,"Low-shrub tundra, acidic soils, warmest parts of subzone E",Alder-willow shrub,Yes,Yes,Yes,1: Highest,1: Highest,0,155,135,75,25,35,20,55,100,3,3,0,0,0,0,0,3,0,0,0,3,6,1,5,0,0,0,0,0,0,0,48,NA,14,NA,22,6,NA,8,5,13,8.7,
Seward Peninsula,Kougarok,KG_MM64,KG_RF16,KG_WBT5_VgComp,6.25,Handheld,Breen,65.16524,-164.82913,3N,508007.84,7226881.29,79.95,2016-07-22,Square,3,8.75,296.12,Upper backslope,Hillslope colluvium,Gently rolling or irregular microrelief,5: Subxeric to mesic - very noticeable moisture; flat to gently sloping,Hills (including kames and moraines),6: Snow bank persists 3-4 weeks after melt,Natural,0: No sign present,NA,2: Subject to occasional disturbance,2: Moderate exposure to winds,Willow-birch tundra,"Low-shrub tundra, acidic soils, warmest parts of subzone E",Alder-willow shrub,Yes,Yes,Yes,1: Highest,1: Highest,0,167,142,0,85,57,25,82,85,10,10,0,0,0,0,1,17,1,0,1,18,6,5,1,0,0,0,0,0,0,2,90,NA,31.5,NA,55,8,18,10,12,21,14.3,
,,,,,,,,,,,,,,,,,,,,,,,,,,,,,,,, ,,,,,,,,,,,,,,,,,,,,,,,,,,,,,,,,,,,,,,,,,,,,,,,,
,,,,,,,,,,,,,,,,,,,,,,,,,,,,,,,,,,,,,,,,,,,,,,,,,,,,,,,,,,,,,,,,,,,,,,,,,,,,,,,,
,,,,,,,,,,,,,,,,,,,,,,,,,,,,,,,,,,,,,,,,,,,,,,,,,,,,,,,,,,,,,,,,,,,,,,,,,,,,,,,,
,,,,,,,,,,,,,,,,,,,,,,,,,,,,,,,,,,,,,,,,,,,,,,,,,,,,,,,,,,,,,,,,,,,,,,,,,,,,,,,,
,,,,,,,,,,,,,,,,,,,,,,,,,,,,,,,,,,,,,,,,,,,,,,,,,,,,,,,,,,,,,,,,,,,,,,,,,,,,,,,,
,,,,,,,,,,,,,,,,,,,,,,,,,,,,,,,,,,,,,,,,,,,,,,,,,,,,,,,,,,,,,,,,,,,,,,,,,,,,,,,,
,,,,,,,,,,,,,,,,,,,,,,,,,,,,,,,,,,,,,,,,,,,,,,,,,,,,,,,,,,,,,,,,,,,,,,,,,,,,,,,,
,,,,,,,,,,,,,,,,,,,,,,,,,,,,,,,,,,,,,,,,,,,,,,,,,,,,,,,,,,,,,,,,,,,,,,,,,,,,,,,,
,,,,,,,,,,,,,,,,,,,,,,,,,,,,,,,,,,,,,,,,,,,,,,,,,,,,,,,,,,,,,,,,,,,,,,,,,,,,,,,,
,,,,,,,,,,,,,,,,,,,,,,,,,,,,,,,,,,,,,,,,,,,,,,,,,,,,,,,,,,,,,,,,,,,,,,,,,,,,,,,,
,,,,,,,,,,,,,,,,,,,,,,,,,,,,,,,,,,,,,,,,,,,,,,,,,,,,,,,,,,,,,,,,,,,,,,,,,,,,,,,,
,,,,,,,,,,,,,,,,,,,,,,,,,,,,,,,,,,,,,,,,,,,,,,,,,,,,,,,,,,,,,,,,,,,,,,,,,,,,,,,,
,,,,,,,,,,,,,,,,,,,,,,,,,,,,,,,,,,,,,,,,,,,,,,,,,,,,,,,,,,,,,,,,,,,,,,,,,,,,,,,,
 ,,,,,,,,,,,,,,,,,,,,,,,,,,,,,,,,,,,,,,,,,,,,,,,,,,,,,,,,,,,,,,,,,,,,,,,,,,,,,,,,
,,,,,,,,,,,,,,,,,,,,,,,,,,,,,,,,,,,,,,,,,,,,,,,,,,,,,,,,,,,,,,,,,,,,,,,,,,,,,,,,
,,,,,,,,,,,,,,,,,,,,,,,,,,,,,,,,,,,,,,,,,,,,,,,,,,,,,,,,,,,,,,,,,,,,,,,,,,,,,,,,
,,,,,,,,,,,,,,,,,,,,,,,,,,,,,,,,,,,,,,,,,,,,,,,,,,,,,,,,,,,,,,,,,,,,,,,,,,,,,,,,
,,,,,,,,,,,,,,,,,,,,,,,,,,,,,,,,,,,,,,,,,,,,,,,,,,,,,,,,,,,,,,,,,,,,,,,,,,,,,,,,
,,,,,,,,,,,,,,,,,,,,,,,,,,,,,,,,,,,,,,,,,,,,,,,,,,,,,,,,,,,,,,,,,,,,,,,,,,,,,,,,
,,,,,,,,,,,,,,,,,,,,,,,,,,,,,,,,,,,,,,,,,,,,,,,,,,,,,,,,,,,,,,,,,,,,,,,,,,,,,,,,
,,,,,,,,,,,,,,,,,,,,,,,,,,,,,,,,,,,,,,,,,,,,,,,,,,,,,,,,,,,,,,,,,,,,,,,,,,,,,,,,
,,,,,,,,,,,,,,,,,,,,,,,,,,,,,,,,,,,,,,,,,,,,,,,,,,,,,,,,,,,,,,,,,,,,,,,,,,,,,,,,
,,,,,,,,,,,,,,,,,,,,,,,,,,,,,,,,,,,,,,,,,,,,,,,,,,,,,,,,,,,,,,,,,,,,,,,,,,,,,,,,
,,,,,,,,,,,,,,,,,,,,,,,,,,,,,,,,,,,,,,,,,,,,,,,,,,,,,,,,,,,,,,,,,,,,,,,,,,,,,,,,
,,,,,,,,,,,,,,,,,,,,,,,,,,,,,,,,,,,,,,,,,,,,,,,,,,,,,,,,,,,,,,,,,,,,,,,,,,,,,,,,
,,,,,,,,,,,,,,,,,,,,,,,,,,,,,,,,,,,,,,,,,,,,,,,,,,,,,,,,,,,,,,,,,,,,,,,,,,,,,,,,
,,,,,,,,,,,,,,,,,,,,,,,,,,,,,,,,,,,,,,,,,,,,,,,,,,,,,,,,,,,,,,,,,,,,,,,,,,,,,,,,
